0,6679194,-1450653,7453706,1,3335072,543704,2711711,2,2389376,258395,2171809,3,16777216,-1836,16777216,4,476033,-1845879,2336522,5,3601889,3506672,-1685,6,596346,-3293506,3526687,7,16777216,-304,16777216,1679319638,0,5000, 
0,4243402,120550,3912029,1,3321390,458203,2744235,2,2408546,282463,2174632,3,16777216,-1907,16777216,4,475962,-1808971,2312467,5,3425709,3346867,-1730,6,683174,-3089943,3327742,7,16777216,-228,16777216,1679319643,1,10000, 
0,3608667,25023,3434010,1,3320270,446213,2746188,2,2387818,267549,2160385,3,16777216,-1807,16777216,4,476015,-1803975,2305603,5,3225647,3156368,-1590,6,743739,-2926189,3209427,7,16777216,-291,16777216,1679319648,2,15000, 
0,3423090,-22217,3250027,1,3345465,485522,2742139,2,2420551,331801,2147556,3,16777216,-1844,16777216,4,476240,-1771226,2258677,5,3161222,3095500,-1657,6,883348,-2811711,3101820,7,16777216,-260,16777216,1679319653,3,20000, 
0,3434999,-39750,3138417,1,3339654,440506,2770549,2,2413521,312563,2153434,3,16777216,-1930,16777216,4,476161,-1763718,2290240,5,3057518,3001138,-1692,6,752470,-2850594,3141522,7,16777216,-316,16777216,1679319658,4,25000, 
0,3116071,-111841,3046848,1,3329512,438001,2752131,2,2418465,298095,2168649,3,16777216,-1681,16777216,4,476599,-1847201,2293849,5,3056684,2964440,-1828,6,791868,-2485572,3060105,7,16777216,-576,16777216,1679319663,5,30000, 
0,3217278,-68909,3127661,1,3356676,495410,2748848,2,2458611,343398,2160211,3,16777216,-1765,16777216,4,476302,-1768084,2288022,5,3023645,2970626,-1716,6,699794,-2829554,3090045,7,16777216,-359,16777216,1679319668,6,35000, 
0,3076155,-57329,2988697,1,3349544,469178,2762360,2,2430031,326469,2167453,3,16777216,-1665,16777216,4,476297,-1838223,2333502,5,3046532,2972127,-1822,6,662218,-2855029,3093392,7,16777216,-379,16777216,1679319673,7,40001, 
0,3009001,-26393,2973465,1,3357980,473355,2770190,2,2433747,280592,2202639,3,16777216,-1629,16777216,4,476348,-1710483,2230941,5,3023591,2962403,-1570,6,707606,-2722795,3003549,7,16777216,-364,16777216,1679319678,8,45000, 
0,3084169,-51247,2984040,1,3339547,470936,2748495,2,2423786,319672,2158641,3,16777216,-1795,16777216,4,475976,-1834661,2330780,5,2965477,2893609,-1509,6,690466,-2676802,2947417,7,16777216,-257,16777216,1679319683,9,50000, 
0,3100327,-63027,3013464,1,3336727,477027,2748409,2,2432238,314633,2169703,3,16777216,-1818,16777216,4,476189,-1753576,2283929,5,3010972,2945016,-1568,6,824900,-2685139,2997184,7,16777216,-245,16777216,1679319688,10,55000, 
0,3021933,-60474,2924804,1,3350100,460019,2771428,2,2427652,313411,2165142,3,16777216,-1830,16777216,4,476303,-1869219,2360398,5,3007120,2931840,-1544,6,721174,-2768985,3085903,7,16777216,-213,16777216,1679319693,11,60000, 
0,3046989,-62607,2928176,1,3342931,468909,2769457,2,2411775,305754,2159859,3,16777216,-1720,16777216,4,476119,-1776694,2256061,5,2997729,2906296,-1456,6,807569,-2638201,3014714,7,16777216,-172,16777216,1679319698,12,65000, 
0,2988594,-58393,2946085,1,3353110,470692,2775037,2,2438442,322860,2177740,3,16777216,-1868,16777216,4,476016,-1797974,2306057,5,3028451,2961870,-1474,6,733074,-2668956,2979595,7,16777216,-198,16777216,1679319703,13,70000, 
0,3041014,-49716,2956220,1,3330036,465681,2784068,2,2417353,280533,2195536,3,16777216,-1844,16777216,4,475958,-1789924,2283396,5,3009914,2928096,-1476,6,752990,-2652403,2959825,7,16777216,-183,16777216,1679319708,14,75000, 
0,3010124,-54806,2885581,1,3326358,455147,2755834,2,2418138,339315,2150167,3,16777216,-2047,16777216,4,476021,-1767578,2269067,5,2994141,2947589,-1260,6,839407,-2595108,2985510,7,16777216,-91,16777216,1679319713,15,80001, 
0,3011770,-86734,2954439,1,3332844,474885,2753315,2,2431216,336134,2154854,3,16777216,-1864,16777216,4,476078,-1794273,2274028,5,3008661,2927602,-1314,6,1005998,-2463198,2979092,7,16777216,-90,16777216,1679319718,16,85000, 
0,3023482,-79452,2973850,1,3328821,465499,2756919,2,2426846,318632,2170234,3,16777216,-1972,16777216,4,476189,-1789006,2274107,5,3028952,2966015,-1377,6,1186700,-2281575,2878820,7,16777216,-151,16777216,1679319723,17,90000, 
0,2978535,-76162,2925799,1,3336206,454346,2769381,2,2423843,320733,2159985,3,16777216,-2053,16777216,4,475948,-1752165,2248569,5,3053389,2967330,-1370,6,1132674,-2380176,2949883,7,16777216,-104,16777216,1679319728,18,95000, 
0,3011513,-93023,2845599,1,3338549,477458,2759028,2,2443529,344552,2155630,3,16777216,-1805,16777216,4,476030,-1831814,2323248,5,3074055,2976615,-1650,6,820999,-2568063,2825324,7,16777216,-407,16777216,1679319733,19,100001, 
0,3043048,-81927,2944380,1,3345542,463875,2787639,2,2417408,277165,2189418,3,16777216,-1685,16777216,4,476401,-1790964,2314995,5,3053959,2988401,-1951,6,1170093,-2513877,2892519,7,16777216,-422,16777216,1679319738,20,105000, 
0,3030973,-26953,2923785,1,3321876,456561,2772746,2,2401348,248261,2200884,3,16777216,-1579,16777216,4,476433,-1878424,2400063,5,2986008,2940237,-1685,6,816646,-2767718,3026246,7,16777216,-401,16777216,1679319743,21,110000, 
0,3000702,-70717,2901685,1,3353402,465062,2767879,2,2419839,293803,2175993,3,16777216,-1598,16777216,4,476457,-1811241,2330034,5,2989432,2929927,-1688,6,866060,-2753217,3011855,7,16777216,-369,16777216,1679319748,22,115000, 
0,2964541,-76940,2917023,1,3333498,478303,2741872,2,2428353,312055,2147254,3,16777216,-1882,16777216,4,476302,-1742209,2257274,5,3056963,2996468,-1749,6,911023,-2824541,3053808,7,16777216,-353,16777216,1679319753,23,120000, 
0,2974904,-68748,2893221,1,3334860,461293,2772600,2,2413164,271859,2179394,3,16777216,-1817,16777216,4,476328,-1790665,2299958,5,2999632,2927315,-1730,6,727096,-2890087,3108662,7,16777216,-352,16777216,1679319758,24,125000, 
0,2971594,-68661,2901787,1,3336376,465882,2765597,2,2416315,285913,2177068,3,16777216,-1872,16777216,4,476287,-1767279,2276140,5,2997743,2920607,-1617,6,663398,-2835467,3077114,7,16777216,-249,16777216,1679319763,25,130000, 
0,2983819,-50447,2902125,1,3343268,469649,2767270,2,2423256,301493,2166535,3,16777216,-1842,16777216,4,476306,-1742698,2255356,5,2962014,2900324,-1581,6,651696,-2793982,3039396,7,16777216,-226,16777216,1679319768,26,135000, 
0,2889165,-99911,2896995,1,3362367,475884,2773938,2,2427346,268532,2193880,3,16777216,-1737,16777216,4,476357,-1772359,2271316,5,3000888,2937301,-1705,6,628944,-2802695,3080097,7,16777216,-276,16777216,1679319773,27,140000, 
0,2946566,-101410,2897202,1,3334848,483614,2757069,2,2391801,235499,2177417,3,16777216,-1762,16777216,4,476300,-1815670,2317315,5,2933185,2870117,-1750,6,678975,-2862644,3094961,7,16777216,-371,16777216,1679319778,28,145000, 
0,3036128,-27878,2885175,1,3352787,464628,2781297,2,2436777,268325,2200088,3,16777216,-1670,16777216,4,476510,-1779386,2310837,5,2931193,2864898,-1903,6,682045,-2795358,3009271,7,16777216,-569,16777216,1679319783,29,150000, 
0,2983214,-56591,2937612,1,3351478,463105,2776039,2,2420217,259928,2205168,3,16777216,-1574,16777216,4,476544,-1805262,2326407,5,2954964,2899556,-1970,6,623790,-2900324,3121502,7,16777216,-567,16777216,1679319788,30,155000, 
0,2995577,-75421,2890719,1,3335701,467050,2763636,2,2428295,285954,2177801,3,16777216,-1795,16777216,4,476422,-1743830,2257227,5,2912814,2834831,-1865,6,615539,-2868024,3085379,7,16777216,-420,16777216,1679319793,31,160000, 
0,2961775,-69173,2855494,1,3342245,451741,2787423,2,2422956,293263,2173249,3,16777216,-1863,16777216,4,476315,-1730661,2256918,5,2942823,2875246,-1862,6,581090,-2964178,3185350,7,16777216,-369,16777216,1679319798,32,165000, 
0,2970267,-62916,2872997,1,3338063,459564,2773368,2,2422042,274656,2189098,3,16777216,-1930,16777216,4,476195,-1796915,2297019,5,2970347,2889675,-1820,6,591768,-2921221,3141347,7,16777216,-419,16777216,1679319803,33,170000, 
0,3035473,-55512,2833843,1,3337165,448231,2778931,2,2420650,282659,2189753,3,16777216,-1850,16777216,4,476198,-1767994,2298729,5,2970076,2885439,-1963,6,627782,-2918000,3119680,7,16777216,-404,16777216,1679319808,34,174999, 
0,2945948,-67301,2917327,1,3321398,451968,2768675,2,2407088,288925,2179090,3,16777216,-1721,16777216,4,476548,-1717964,2179763,5,2983349,2879912,-1654,6,681591,-2662204,2931287,7,16777216,-265,16777216,1679319813,35,180000, 
0,2990813,-94248,2879400,1,3337363,464801,2767225,2,2421524,292898,2175241,3,16777216,-1876,16777216,4,476369,-1687112,2197172,5,2994269,2909657,-1636,6,643653,-2665141,2895616,7,16777216,-166,16777216,1679319818,36,185000, 
0,2981583,-113848,2750169,1,3321197,403131,2805684,2,2394400,232740,2208162,3,16777216,-1962,16777216,4,476232,-1920998,2400399,5,2936408,2844827,-1840,6,610292,-2930111,3109711,7,16777216,-353,16777216,1679319823,37,190000, 
0,3068014,-21187,2876899,1,3333107,449710,2776341,2,2444017,298982,2174083,3,16777216,-1905,16777216,4,476105,-1770991,2319812,5,2987822,2919383,-1866,6,726159,-2790932,2998366,7,16777216,-336,16777216,1679319828,38,195000, 
0,3034274,40771,2730887,1,3344134,480368,2747160,2,2424908,214049,2256023,3,16777216,-1765,16777216,4,476522,-1869209,2450588,5,2996835,2868611,-1793,6,602512,-2813590,3148281,7,16777216,-301,16777216,1679319833,39,199999, 
0,2969994,-92716,2862711,1,3340288,466536,2756302,2,2431347,289433,2173981,3,16777216,-1830,16777216,4,476445,-1781713,2301743,5,2998041,2935469,-1883,6,715374,-2825942,3035710,7,16777216,-500,16777216,1679319838,40,205001, 
0,3085707,-21314,2925341,1,3330130,473886,2766227,2,2413641,236001,2218418,3,16777216,-1853,16777216,4,476348,-1851001,2354130,5,2900643,2792343,-1714,6,508263,-2953757,3109456,7,16777216,-433,16777216,1679319843,41,210000, 
0,2967865,-67049,2892749,1,3334613,449356,2782413,2,2431106,282189,2175371,3,16777216,-1690,16777216,4,476744,-1742783,2275564,5,2949733,2879776,-1931,6,658572,-2942526,3201654,7,16777216,-345,16777216,1679319848,42,215001, 
0,2971498,-68692,2906755,1,3342138,459242,2781280,2,2397611,206025,2227757,3,16777216,-1904,16777216,4,476217,-1813274,2316539,5,2933669,2898151,-1818,6,651501,-2802934,3033151,7,16777216,-457,16777216,1679319853,43,220000, 
0,2960117,-69545,2885061,1,3344603,470768,2773924,2,2424340,250615,2202945,3,16777216,-1635,16777216,4,476670,-1798967,2311277,5,2945600,2876163,-1833,6,531092,-3026920,3237043,7,16777216,-362,16777216,1679319858,44,225001, 
0,2963282,-87335,2893784,1,3355436,490378,2770599,2,2419929,274340,2186033,3,16777216,-1826,16777216,4,476366,-1797229,2301965,5,2960844,2866214,-1859,6,543047,-2925962,3138219,7,16777216,-386,16777216,1679319863,45,230000, 
0,2989141,-78674,2882950,1,3369167,489140,2772628,2,2441308,276282,2194167,3,16777216,-1645,16777216,4,476663,-1769622,2294851,5,2951301,2868867,-1953,6,585165,-2885788,3081165,7,16777216,-570,16777216,1679319868,46,235000, 
0,2979001,-75104,2905077,1,3350980,461127,2779397,2,2420834,222300,2224544,3,16777216,-1809,16777216,4,476630,-1765538,2307421,5,2913847,2817476,-1961,6,525196,-2906209,3087028,7,16777216,-421,16777216,1679319873,47,240001, 
0,2913478,-92444,2869667,1,3343935,458575,2777267,2,2410750,245779,2203844,3,16777216,-1605,16777216,4,476580,-1782737,2297548,5,2898706,2805374,-1775,6,459704,-3021170,3235431,7,16777216,-458,16777216,1679319878,48,245000, 
0,2959747,-42691,2859560,1,3353184,446522,2793953,2,2420296,252288,2192433,3,16777216,-1783,16777216,4,476596,-1823595,2348343,5,2927181,2864054,-1906,6,540851,-2977945,3171616,7,16777216,-508,16777216,1679319883,49,250000, 
0,3025866,-63492,2929301,1,3332812,475179,2770055,2,2417985,238399,2191139,3,16777216,-1645,16777216,4,476365,-1775321,2291475,5,2910488,2871310,-1833,6,591580,-2961048,3152261,7,16777216,-448,16777216,1679319888,50,255000, 
0,2973740,-104732,2832577,1,3350856,463601,2775272,2,2411500,246414,2199023,3,16777216,-1802,16777216,4,476153,-1805588,2268637,5,2869126,2801267,-1700,6,509378,-3089278,3327769,7,16777216,-274,16777216,1679319893,51,260000, 
0,2938279,-71801,2842179,1,3334833,455293,2772329,2,2403942,269491,2169392,3,16777216,-1941,16777216,4,476209,-1749784,2277266,5,2914006,2847982,-1684,6,559918,-2966445,3194297,7,16777216,-241,16777216,1679319898,52,265000, 
0,2948894,-55132,2887733,1,3337542,456840,2771784,2,2410200,278607,2158781,3,16777216,-1919,16777216,4,476239,-1752099,2284845,5,2946272,2865869,-1783,6,592854,-2982986,3186399,7,16777216,-210,16777216,1679319903,53,270001, 
0,2926540,-77038,2784895,1,3332933,447916,2769013,2,2404081,263884,2181150,3,16777216,-2032,16777216,4,476181,-1744433,2264451,5,2936897,2844654,-1773,6,713303,-2837911,3068156,7,16777216,-255,16777216,1679319908,54,275000, 
0,2947578,-48640,2856370,1,3332288,447401,2772525,2,2408571,288412,2158409,3,16777216,-1928,16777216,4,476206,-1799590,2307059,5,2933561,2882158,-1697,6,572365,-2874399,3125076,7,16777216,-231,16777216,1679319913,55,280001, 
0,2826065,-146995,2797766,1,3326239,443937,2767998,2,2421349,269672,2188182,3,16777216,-1847,16777216,4,476257,-1836884,2323863,5,2948126,2872687,-1850,6,592608,-2862206,3108571,7,16777216,-356,16777216,1679319918,56,285000, 
0,2971335,-88862,2860999,1,3343197,478429,2756993,2,2444470,312535,2173942,3,16777216,-1846,16777216,4,476169,-1829391,2329301,5,2991431,2911485,-1885,6,604469,-2863151,3107793,7,16777216,-298,16777216,1679319923,57,290001, 
0,2799049,-46991,2869437,1,3357771,440734,2796249,2,2418460,263838,2189764,3,16777216,-1876,16777216,4,476134,-1792369,2299442,5,2999227,2926873,-1899,6,629081,-2882676,3110215,7,16777216,-356,16777216,1679319928,58,295000, 
0,2997616,-106443,2890932,1,3352690,466435,2784607,2,2425041,242451,2222855,3,16777216,-1858,16777216,4,476050,-1824914,2325339,5,2929610,2855599,-1435,6,555855,-3077107,3373395,7,16777216,231,16777216,1679319933,59,300001, 
0,2939201,-68452,3122900,1,3390304,380321,2845455,2,2405800,329587,2170629,3,16777216,-2071,16777216,4,476251,-1804055,2292437,5,2815888,2757748,-1387,6,667117,-2981759,3190796,7,16777216,-228,16777216,1679319938,60,305000, 
0,2915992,-65311,2840868,1,3327104,444614,2783837,2,2403036,265881,2195446,3,16777216,-1964,16777216,4,476135,-1780463,2264494,5,2940218,2853887,-1547,6,475227,-2847825,3130583,7,16777216,-159,16777216,1679319943,61,310000, 
0,2955103,-63221,2888905,1,3325229,426685,2778563,2,2422004,309875,2177003,3,16777216,-2019,16777216,4,475865,-1839196,2325164,5,2938929,2856983,-1489,6,617028,-2839725,3126541,7,16777216,-144,16777216,1679319948,62,315000, 
0,2971155,-104126,2881959,1,3344155,471377,2765236,2,2438804,325182,2161609,3,16777216,-1995,16777216,4,475956,-1805326,2292660,5,2965424,2882223,-1547,6,726139,-2727582,2997310,7,16777216,-171,16777216,1679319953,63,320001, 
0,2941152,-83408,2902637,1,3336276,467040,2765782,2,2435050,315626,2168420,3,16777216,-1949,16777216,4,476104,-1791294,2294464,5,2988827,2900802,-1573,6,828378,-2690847,2987340,7,16777216,-231,16777216,1679319958,64,325000, 
0,2941972,-75679,2869776,1,3335858,461673,2766826,2,2419430,285428,2180603,3,16777216,-1877,16777216,4,476219,-1787948,2297136,5,2990460,2911317,-1577,6,798511,-2743039,3029400,7,16777216,-270,16777216,1679319963,65,330000, 
0,2763389,-204879,3205540,1,3309476,399435,2853154,2,2324120,164074,2203514,3,16777216,-1730,16777216,4,476113,-1970669,2423718,5,2988204,2870976,-2073,6,362491,-2930886,3277598,7,16777216,-359,16777216,1679319968,66,335000, 
0,2777392,-197732,2828224,1,3357411,523050,2752195,2,2435879,349856,2139968,3,16777216,-2019,16777216,4,475828,-1781080,2313335,5,3035879,2989644,-1710,6,757078,-2573707,2918565,7,16777216,-248,16777216,1679319973,67,340000, 
0,2802999,-114347,2534017,1,3349689,352112,2867438,2,2363026,171429,2218655,3,16777216,-1504,16777216,4,475526,-1936301,2423232,5,2912166,2880182,-2467,6,564436,-2763608,3014739,7,16777216,-790,16777216,1679319978,68,345000, 
0,3045198,-50360,2940269,1,3372946,468624,2792359,2,2456164,336191,2121807,3,16777216,-1557,16777216,4,475939,-1879802,2392073,5,2972155,2942073,-2328,6,710433,-2751177,3000943,7,16777216,-678,16777216,1679319983,69,350000, 
0,2988947,10697,2809390,1,3355907,416861,2802432,2,2457545,385846,2098767,3,16777216,-1817,16777216,4,476006,-1685607,2219976,5,3012266,2926127,-2221,6,656517,-2630813,2826955,7,16777216,-646,16777216,1679319988,70,355000, 
0,3033460,19261,2607105,1,3359904,431710,2837610,2,2446445,307526,2152896,3,16777216,-1338,16777216,4,476941,-1924188,2421294,5,2963159,2850251,-2377,6,688570,-2988869,3183487,7,16777216,-1105,16777216,1679319993,71,360000, 
0,2984705,-20783,2766649,1,3376527,421513,2821374,2,2389892,284705,2125527,3,16777216,-1763,16777216,4,475462,-1669558,2165055,5,3020559,2930184,-2283,6,515921,-2827570,3079081,7,16777216,-619,16777216,1679319998,72,365000, 
0,2924615,-40929,2779897,1,3368185,472396,2778843,2,2428133,284204,2158341,3,16777216,-1556,16777216,4,476226,-1835040,2351416,5,3038199,2948926,-2315,6,711914,-2794005,3004537,7,16777216,-743,16777216,1679320003,73,370000, 
0,2933811,-71783,2870964,1,3369345,516214,2766105,2,2435271,251586,2181448,3,16777216,-1583,16777216,4,476738,-1757256,2292965,5,2924767,2797181,-2278,6,628398,-2922208,3187775,7,16777216,-1114,16777216,1679320008,74,375000, 
0,2897619,-24844,2871606,1,3368131,484265,2782825,2,2342485,153548,2213638,3,16777216,-973,16777216,4,476055,-1911125,2420368,5,2789171,2716781,-1796,6,650442,-2881229,3136557,7,16777216,-736,16777216,1679320013,75,380000, 
0,2985009,-9715,2926726,1,3433835,590798,2762955,2,2357756,191380,2192626,3,16777216,-44,16777216,4,476963,-1995113,2511874,5,2778692,2765872,-1897,6,1084100,-2413889,2975079,7,16777216,-862,16777216,1679320018,76,385000, 
0,2963930,-20556,2955301,1,3417268,501392,2776689,2,2374413,127672,2300728,3,16777216,-1897,16777216,4,476284,-1528086,2045484,5,3069287,3080731,-1465,6,827412,-2814627,3129061,7,16777216,-473,16777216,1679320023,77,390000, 
0,3214833,-54827,2693891,1,3338822,453774,2797943,2,2416143,253893,2229670,3,16777216,-1772,16777216,4,476013,-1526419,2032446,5,3058706,2997013,-1623,6,554155,-2793589,3072009,7,16777216,-328,16777216,1679320028,78,395000, 
0,2887136,-91822,2847281,1,3336029,437908,2778590,2,2426053,316518,2158407,3,16777216,-1802,16777216,4,475772,-1702673,2196886,5,2999387,2916187,-1761,6,663494,-2811973,3073865,7,16777216,-412,16777216,1679320033,79,400001, 
0,3000060,-101156,2863694,1,3350524,482922,2773938,2,2427708,295816,2181262,3,16777216,-2036,16777216,4,476009,-1703505,2191142,5,3007806,2934415,-1421,6,762053,-2809877,3121371,7,16777216,-156,16777216,1679320038,80,405000, 
0,3076578,-34048,2825150,1,3332851,442487,2760623,2,2487407,392432,2158109,3,16777216,-1696,16777216,4,476149,-1795185,2298175,5,3010014,2957693,-1601,6,914420,-2576464,2964449,7,16777216,-341,16777216,1679320043,81,410000, 
0,3022794,37492,3055100,1,3343413,448541,2784612,2,2439691,246947,2235051,3,16777216,-1683,16777216,4,476332,-1850436,2305876,5,3126950,3109431,-1947,6,1490777,-2339116,2839540,7,16777216,-422,16777216,1679320048,82,415000, 
0,2911238,-54888,2878857,1,3369153,494536,2762017,2,2449755,388948,2092190,3,16777216,-1578,16777216,4,476532,-2025195,2502760,5,2900479,2858755,-1507,6,509657,-2852422,3123740,7,16777216,-301,16777216,1679320053,83,420000, 
0,2788585,-62470,2819978,1,3339440,476027,2768965,2,2427336,324593,2171698,3,16777216,-1624,16777216,4,476052,-1879892,2361244,5,2949241,2904290,-1539,6,756860,-2713938,3056666,7,16777216,-312,16777216,1679320058,84,425000, 
0,2936496,-87379,2834732,1,3342635,474860,2764116,2,2436013,318913,2183961,3,16777216,-1800,16777216,4,476083,-1858763,2343734,5,2954567,2889527,-1577,6,888208,-2598912,3018196,7,16777216,-296,16777216,1679320063,85,430000, 
0,2966912,-69473,2859201,1,3341407,456399,2786266,2,2431893,333585,2165379,3,16777216,-1793,16777216,4,475896,-1833139,2322482,5,2933559,2901171,-1584,6,918934,-2593718,3024937,7,16777216,-296,16777216,1679320068,86,435000, 
0,3011890,-62952,2872651,1,3360558,461649,2778457,2,2433541,342969,2142888,3,16777216,-1686,16777216,4,476063,-1790307,2293237,5,2976195,2949194,-1570,6,997048,-2452205,2964960,7,16777216,-331,16777216,1679320073,87,440000, 
0,2931881,-86022,2781189,1,3348849,472809,2765427,2,2433026,327785,2160713,3,16777216,-1651,16777216,4,476103,-1836447,2296888,5,2994238,2950118,-1591,6,1017453,-2500015,2967035,7,16777216,-337,16777216,1679320078,88,445000, 
0,2969884,-12157,2897064,1,3355630,468543,2786263,2,2432301,303918,2194411,3,16777216,-1590,16777216,4,476176,-1797494,2315493,5,3009586,2962647,-1622,6,916667,-2528767,2957339,7,16777216,-284,16777216,1679320083,89,450000, 
0,2946366,-74091,2731728,1,3357760,483372,2778058,2,2434253,316136,2188424,3,16777216,-1626,16777216,4,476162,-1785199,2296688,5,3023085,2980700,-1542,6,976927,-2481486,2973499,7,16777216,-306,16777216,1679320088,90,455000, 
0,3004545,-86147,2889366,1,3356708,482628,2774289,2,2438083,320274,2177243,3,16777216,-1655,16777216,4,476174,-1786065,2286315,5,3015210,2958088,-1552,6,1059290,-2387811,2935944,7,16777216,-302,16777216,1679320093,91,460000, 
0,2859888,-58082,2814146,1,3336833,455925,2776117,2,2432688,317732,2187712,3,16777216,-1664,16777216,4,476183,-1790735,2280320,5,2988705,2916896,-1524,6,955057,-2430701,2938646,7,16777216,-342,16777216,1679320098,92,465000, 
0,2818462,-62296,2905598,1,3371988,490852,2785328,2,2437494,324720,2196514,3,16777216,-1576,16777216,4,476146,-1802162,2294046,5,3002499,2960639,-1602,6,957032,-2461787,2957442,7,16777216,-351,16777216,1679320103,93,470000, 
0,2968332,-78250,2853411,1,3359479,474711,2765247,2,2438939,334719,2170837,3,16777216,-1691,16777216,4,476004,-1770797,2223933,5,3034930,2969513,-1710,6,1135461,-2280933,2853730,7,16777216,-350,16777216,1679320108,94,475000, 
0,2940516,-74555,2831884,1,3354192,452575,2786740,2,2423512,318378,2166658,3,16777216,-1638,16777216,4,476115,-1727755,2232300,5,3056434,2991781,-1761,6,1105943,-2340414,2861611,7,16777216,-365,16777216,1679320113,95,480001, 
0,2929136,-67488,2821554,1,3355825,481291,2776373,2,2427286,288056,2188336,3,16777216,-1700,16777216,4,476109,-1754615,2258853,5,3023581,2974747,-1800,6,988395,-2498425,2912438,7,16777216,-387,16777216,1679320118,96,485000, 
0,2947644,-57157,2851670,1,3349370,470051,2775578,2,2425414,293489,2186543,3,16777216,-1628,16777216,4,476185,-1757334,2254918,5,3007762,2940350,-1754,6,950115,-2579550,2966328,7,16777216,-371,16777216,1679320123,97,490000, 
0,2885974,-66541,2778563,1,3350517,462933,2792261,2,2417265,286989,2181592,3,16777216,-1559,16777216,4,476239,-1778372,2291441,5,2938421,2898391,-1835,6,961449,-2612784,3025695,7,16777216,-430,16777216,1679320128,98,495000, 
0,2935969,-85750,2888962,1,3359956,497934,2770322,2,2432383,323757,2186174,3,16777216,-1464,16777216,4,476324,-1828409,2332574,5,2915992,2853700,-1562,6,613596,-2827256,3105913,7,16777216,-348,16777216,1679320133,99,500000, 
0,3041034,-67940,2866931,1,3346621,465869,2793746,2,2420305,270798,2195568,3,16777216,-1518,16777216,4,476071,-1860148,2341947,5,2962964,2901806,-1630,6,797153,-2692193,3044175,7,16777216,-380,16777216,1679320138,100,505000, 
0,2940158,-70331,2860261,1,3362135,483407,2781614,2,2426179,309755,2189914,3,16777216,-1490,16777216,4,476090,-1822544,2324355,5,2961439,2901142,-1645,6,821563,-2669464,3039246,7,16777216,-382,16777216,1679320143,101,510000, 
0,2942343,-58419,2856882,1,3354407,462808,2775109,2,2425440,314691,2188563,3,16777216,-1534,16777216,4,476032,-1824174,2308286,5,2987484,2939000,-1654,6,956996,-2538598,3004035,7,16777216,-374,16777216,1679320148,102,515000, 
0,2958583,-102447,2767242,1,3335583,474203,2776071,2,2444854,326014,2180947,3,16777216,-1531,16777216,4,476127,-1774089,2282662,5,2972307,2947974,-1654,6,1024448,-2429079,2984647,7,16777216,-361,16777216,1679320153,103,520000, 
0,2894051,-78502,2863912,1,3367200,482037,2775976,2,2461970,349171,2172193,3,16777216,-1657,16777216,4,475958,-1681696,2188900,5,3075381,3004578,-1745,6,903617,-2569673,2919434,7,16777216,-375,16777216,1679320158,104,525001, 
0,2919067,-132274,2781312,1,3329908,439962,2779482,2,2420947,312197,2180909,3,16777216,-1558,16777216,4,476229,-1811434,2274631,5,2930934,2869990,-1339,6,1059578,-2092445,2836913,7,16777216,-269,16777216,1679320163,105,530000, 
0,2962703,-62625,2844728,1,3346338,461084,2773878,2,2428866,289114,2207179,3,16777216,-1557,16777216,4,476079,-1778625,2251579,5,3056623,2996642,-1769,6,1197737,-2184147,2852310,7,16777216,-335,16777216,1679320168,106,535000, 
0,2937889,20946,2721616,1,3359097,468699,2783866,2,2420320,305860,2187232,3,16777216,-1378,16777216,4,476514,-1777043,2288530,5,3030456,2974529,-1677,6,1217429,-2210911,2866259,7,16777216,-384,16777216,1679320173,107,540000, 
0,2976679,-142538,2875041,1,3370506,501083,2781857,2,2425522,299423,2174222,3,16777216,-1323,16777216,4,476625,-1768002,2274674,5,2972358,2965808,-1643,6,1102962,-2416428,2912969,7,16777216,-385,16777216,1679320178,108,545000, 
0,2879421,-2408,2802348,1,3342757,458408,2783795,2,2409134,280695,2183148,3,16777216,-1455,16777216,4,476349,-1774895,2275711,5,2985115,2967169,-1721,6,946327,-2544786,2954160,7,16777216,-406,16777216,1679320183,109,550000, 
0,2955946,-81910,2790274,1,3332914,475464,2781295,2,2419382,295896,2180384,3,16777216,-1396,16777216,4,476532,-1854676,2385568,5,3009419,3003595,-1726,6,879614,-2617606,3028208,7,16777216,-507,16777216,1679320188,110,555000, 
0,2894177,-54442,2881917,1,3371354,484604,2780074,2,2423861,312573,2188516,3,16777216,-1295,16777216,4,476521,-1863834,2367013,5,2914200,2811542,-1717,6,993307,-2546207,3014801,7,16777216,-532,16777216,1679320193,111,560001, 
0,2955781,-55781,2833660,1,3377209,476581,2779823,2,2429160,304586,2182242,3,16777216,-1203,16777216,4,476462,-1837518,2340890,5,3016759,2988854,-1680,6,970733,-2577391,3010519,7,16777216,-502,16777216,1679320198,112,565001, 
0,2947472,-79747,2863821,1,3367593,482131,2791975,2,2434922,312546,2179138,3,16777216,-1245,16777216,4,476480,-1851036,2334726,5,2965250,2941788,-1674,6,1013214,-2584159,3046147,7,16777216,-516,16777216,1679320203,113,570000, 
0,2978959,-35772,2834928,1,3360701,501302,2772081,2,2448072,328221,2182195,3,16777216,-1357,16777216,4,476578,-1786140,2297800,5,2977942,2953115,-1888,6,1108991,-2486526,3015326,7,16777216,-624,16777216,1679320208,114,575001, 
0,3028864,-5493,3016409,1,3370287,497407,2778393,2,2443727,362200,2140198,3,16777216,-1529,16777216,4,476596,-1692871,2213250,5,2974143,2941581,-1531,6,1067067,-2454801,3011289,7,16777216,-370,16777216,1679320213,115,580000, 
0,2916104,-82026,2837679,1,3356793,457660,2783098,2,2444685,310446,2183662,3,16777216,-1723,16777216,4,476221,-1658095,2179700,5,2985632,2959825,-1657,6,835430,-2736287,3074227,7,16777216,-351,16777216,1679320218,116,585000, 
0,2918084,-76518,2857441,1,3353590,475757,2772010,2,2440894,314832,2183986,3,16777216,-1625,16777216,4,476268,-1681391,2177755,5,3019475,2978354,-1585,6,845748,-2696347,3029590,7,16777216,-283,16777216,1679320223,117,590000, 
0,2953351,-87976,2830403,1,3348122,470828,2775786,2,2434424,314573,2177386,3,16777216,-1722,16777216,4,476259,-1757345,2260285,5,2995960,2962969,-1615,6,826683,-2698340,3022181,7,16777216,-339,16777216,1679320228,118,595000, 
0,2935235,-43178,2856400,1,3337432,475770,2762560,2,2429296,311289,2178309,3,16777216,-1630,16777216,4,476063,-1799625,2285467,5,3015366,2954074,-1552,6,814116,-2700672,3027505,7,16777216,-262,16777216,1679320233,119,600000, 
0,2894048,-58737,2812626,1,3353513,467929,2774908,2,2426513,307782,2184125,3,16777216,-1681,16777216,4,476135,-1781996,2253940,5,2941055,2915753,-1466,6,1050940,-2493922,2986916,7,16777216,-256,16777216,1679320238,120,605000, 
0,2916892,-49407,2841790,1,3345358,451713,2778413,2,2428277,299238,2183649,3,16777216,-1602,16777216,4,476243,-1778034,2272615,5,2976818,2902723,-1585,6,980444,-2528561,2957247,7,16777216,-271,16777216,1679320243,121,610000, 
0,2936063,-55898,2852493,1,3345482,453884,2783520,2,2416819,287788,2187945,3,16777216,-1601,16777216,4,476269,-1777895,2273762,5,2956884,2922235,-1539,6,918496,-2552768,2925250,7,16777216,-201,16777216,1679320248,122,615000, 
0,2931555,-67971,2851447,1,3341291,461646,2778310,2,2419753,308556,2190650,3,16777216,-1750,16777216,4,476222,-1750609,2236076,5,2995330,2930762,-1536,6,846956,-2632747,2979112,7,16777216,-301,16777216,1679320253,123,620000, 
0,3041646,-61096,2818125,1,3342967,465615,2783052,2,2437123,305161,2198410,3,16777216,-1735,16777216,4,476083,-1798799,2301537,5,3041398,2978771,-1588,6,758594,-2757109,3034413,7,16777216,-278,16777216,1679320258,124,625000, 
0,2952929,-66197,2847086,1,3354241,466722,2783059,2,2441955,310685,2195646,3,16777216,-1549,16777216,4,476190,-1846999,2331047,5,2944979,2903160,-1581,6,777359,-2703216,3027554,7,16777216,-335,16777216,1679320263,125,630000, 
0,2943476,-83312,2864290,1,3351344,479229,2780246,2,2441237,332526,2183791,3,16777216,-1606,16777216,4,476185,-1817063,2308271,5,2949431,2896884,-1561,6,887609,-2620255,3010753,7,16777216,-357,16777216,1679320268,126,634999, 
0,2898558,-82537,2853993,1,3354910,476693,2777933,2,2431171,316425,2182630,3,16777216,-1668,16777216,4,476202,-1785016,2232507,5,3003570,2981322,-1622,6,1136768,-2329384,2896196,7,16777216,-319,16777216,1679320273,127,640001, 
0,2644129,46048,2642499,1,3354564,467207,2787344,2,2427940,285690,2183966,3,16777216,-1290,16777216,4,476678,-1862283,2367820,5,2973448,2927836,-1626,6,1190727,-2233589,2832255,7,16777216,-538,16777216,1679320278,128,645000, 
0,2917884,-74240,2846900,1,3351150,469451,2789888,2,2414165,254396,2222005,3,16777216,-1257,16777216,4,476773,-1811292,2325037,5,2992568,2917290,-1827,6,1019853,-2580449,2917591,7,16777216,-545,16777216,1679320283,129,650000, 
0,2917508,-71040,2846638,1,3354324,478185,2784093,2,2432375,263020,2217855,3,16777216,-1266,16777216,4,476820,-1797273,2305791,5,2960220,2917811,-1776,6,834499,-2712199,2969246,7,16777216,-459,16777216,1679320288,130,655001, 
0,2964740,43884,2864644,1,3345209,470470,2778066,2,2418042,253402,2219915,3,16777216,-1255,16777216,4,476738,-1790146,2283805,5,2962113,2924197,-1846,6,844532,-2805767,3059887,7,16777216,-543,16777216,1679320293,131,660000, 
0,2977652,-67734,2901122,1,3349722,475594,2772516,2,2416353,249924,2225588,3,16777216,-1336,16777216,4,476645,-1804654,2312398,5,2935086,2906216,-1747,6,765179,-2832236,3099098,7,16777216,-522,16777216,1679320298,132,665000, 
0,2907447,-73133,2820688,1,3352078,441753,2794360,2,2422361,264853,2207654,3,16777216,-1340,16777216,4,476637,-1745907,2252801,5,2941978,2901314,-1954,6,860215,-2818402,3094529,7,16777216,-548,16777216,1679320303,133,670001, 
0,2934130,-79923,2840623,1,3358168,477353,2777382,2,2418455,276352,2195079,3,16777216,-1356,16777216,4,476642,-1786930,2312711,5,2938765,2909260,-1882,6,855866,-2833970,3068091,7,16777216,-568,16777216,1679320308,134,675000, 
0,2915184,-17870,2876100,1,3336692,470658,2782750,2,2418995,248055,2206925,3,16777216,-1673,16777216,4,475893,-1766772,2273399,5,2952094,2900394,-1621,6,650933,-2957066,3210535,7,16777216,-317,16777216,1679320313,135,680000, 
0,2949935,-61957,2819566,1,3329372,442798,2788976,2,2419868,258756,2223893,3,16777216,-1632,16777216,4,476246,-1814767,2358192,5,2899575,2855915,-1943,6,725850,-2864156,3102076,7,16777216,-433,16777216,1679320318,136,685000, 
0,2941827,-85572,2853103,1,3346898,472306,2773604,2,2420651,287933,2198804,3,16777216,-1631,16777216,4,476237,-1796258,2320697,5,2918168,2862726,-1556,6,622475,-2844046,3109542,7,16777216,-334,16777216,1679320323,137,690000, 
0,2926359,-64332,2839357,1,3346459,450969,2786539,2,2448870,324433,2191698,3,16777216,-1491,16777216,4,476414,-1773650,2271097,5,2929279,2907046,-1650,6,908136,-2671177,3004406,7,16777216,-413,16777216,1679320328,138,695000, 
0,2901148,-55562,2824778,1,3345654,464426,2779755,2,2422276,313172,2166741,3,16777216,-1529,16777216,4,476340,-1775763,2302449,5,2917346,2886043,-1372,6,919535,-2649252,3076163,7,16777216,-255,16777216,1679320333,139,700000, 
0,2905947,-78526,2820831,1,3355721,479470,2770580,2,2445011,321524,2191746,3,16777216,-1636,16777216,4,476344,-1716434,2224080,5,2956637,2942038,-1470,6,1037666,-2494102,2982869,7,16777216,-259,16777216,1679320338,140,705000, 
0,2996230,-65019,2833178,1,3337149,409736,2811756,2,2418549,250654,2227946,3,16777216,-1560,16777216,4,476281,-1755708,2256825,5,2991439,2941146,-1666,6,814666,-2654487,2949774,7,16777216,-419,16777216,1679320343,141,710000, 
0,2948630,-59202,2857362,1,3350824,461002,2782181,2,2431815,300109,2195559,3,16777216,-1537,16777216,4,476302,-1812617,2305101,5,2908373,2842274,-1503,6,723794,-2659757,3004740,7,16777216,-278,16777216,1679320348,142,715000, 
0,2929096,-79196,2785870,1,3354692,444458,2794570,2,2438238,314870,2180003,3,16777216,-1711,16777216,4,476190,-1780854,2296145,5,2948220,2920258,-1432,6,813845,-2582830,2971905,7,16777216,-200,16777216,1679320353,143,720001, 
0,2902530,-63419,2829572,1,3355486,475240,2783780,2,2438763,308588,2190956,3,16777216,-1553,16777216,4,476241,-1771916,2259894,5,3017361,2990013,-1629,6,920510,-2544271,2944192,7,16777216,-375,16777216,1679320358,144,725000, 
0,2921533,-92092,2858303,1,3358524,479469,2774349,2,2440321,310623,2187240,3,16777216,-1553,16777216,4,476428,-1836526,2346190,5,2955746,2900085,-1566,6,769279,-2663777,2980649,7,16777216,-425,16777216,1679320363,145,730000, 
0,2935659,-77155,2862529,1,3356556,465731,2784801,2,2435746,315842,2197306,3,16777216,-1464,16777216,4,476407,-1823678,2327866,5,2957350,2917775,-1592,6,888192,-2620175,2980322,7,16777216,-378,16777216,1679320368,146,735000, 
0,2945297,-96400,2839718,1,3349305,464205,2789384,2,2439450,309641,2195739,3,16777216,-1478,16777216,4,476358,-1809211,2309688,5,2960634,2901365,-1582,6,898694,-2595636,2983226,7,16777216,-376,16777216,1679320373,147,740000, 
0,2922003,-59784,2841635,1,3355726,473229,2775108,2,2434162,311424,2196097,3,16777216,-1465,16777216,4,476316,-1817672,2312588,5,2967071,2917769,-1587,6,848429,-2627177,2974248,7,16777216,-373,16777216,1679320378,148,745000, 
0,2920316,-83224,2861095,1,3362013,470118,2786586,2,2440486,316527,2196798,3,16777216,-1618,16777216,4,476361,-1808424,2311817,5,2996968,2937969,-1582,6,937129,-2558128,2960709,7,16777216,-391,16777216,1679320383,149,750000, 
0,2939667,-86231,2851282,1,3355949,478695,2772685,2,2440319,320638,2195165,3,16777216,-1460,16777216,4,476443,-1813677,2312105,5,2893332,2906056,-1430,6,1109511,-2416646,2970474,7,16777216,-312,16777216,1679320388,150,755000, 
0,3001748,-10719,2827634,1,3353282,452270,2790020,2,2434578,292119,2207623,3,16777216,-1555,16777216,4,476300,-1782130,2276972,5,2969300,2904006,-1639,6,783570,-2661333,2978613,7,16777216,-375,16777216,1679320393,151,760001, 
0,2958011,-53148,2823993,1,3344641,463466,2787163,2,2427494,297362,2194442,3,16777216,-1567,16777216,4,476320,-1678700,2211882,5,2980448,2937707,-1655,6,929376,-2565583,2953402,7,16777216,-399,16777216,1679320398,152,765000, 
0,2925033,-80398,2834002,1,3348562,469469,2778441,2,2436670,321103,2185059,3,16777216,-1662,16777216,4,476223,-1764310,2263069,5,2959949,2902774,-1683,6,884328,-2647762,3015206,7,16777216,-333,16777216,1679320403,153,770000, 
0,2898808,-61758,2782728,1,3344463,442798,2790137,2,2435582,304375,2187038,3,16777216,-1742,16777216,4,476322,-1734975,2234514,5,2965562,2910543,-1505,6,1003180,-2492650,2954241,7,16777216,-236,16777216,1679320408,154,775000, 
0,2931133,-71665,2841269,1,3354548,456978,2769920,2,2439145,335513,2168248,3,16777216,-1845,16777216,4,476310,-1776682,2278016,5,2981555,2939545,-1468,6,968550,-2452123,2914661,7,16777216,-267,16777216,1679320413,155,780000, 
0,2994804,-64822,2846258,1,3333235,454791,2778571,2,2447901,339511,2179796,3,16777216,-1742,16777216,4,476295,-1757217,2268692,5,2948412,2915443,-1402,6,839228,-2581256,2940787,7,16777216,-471,16777216,1679320418,156,785000, 
0,2873206,-41235,2789478,1,3357850,458617,2785730,2,2388891,266754,2194129,3,16777216,-1450,16777216,4,476891,-1876115,2375026,5,2977338,2951289,-1665,6,927714,-2482350,2914967,7,16777216,-400,16777216,1679320423,157,790000, 
0,2866625,-52489,2852331,1,3367558,485599,2784917,2,2438535,284516,2211541,3,16777216,-1148,16777216,4,476863,-1813696,2318336,5,2966717,2923686,-1750,6,918630,-2633411,2945283,7,16777216,-526,16777216,1679320428,158,795000, 
0,2901151,-60144,2876094,1,3365571,458707,2810500,2,2500014,390301,2179478,3,16777216,-1090,16777216,4,477141,-1971308,2484039,5,2894169,2870305,-1941,6,1534534,-2124214,2868295,7,16777216,-749,16777216,1679320433,159,800001, 
0,2948348,78194,2702685,1,3309881,374336,2815940,2,2407959,249682,2216573,3,16777216,-1429,16777216,4,476834,-1833110,2385132,5,2902262,2891581,-1945,6,1027721,-2848651,3144195,7,16777216,-566,16777216,1679320438,160,805001, 
0,2922520,-47382,2810517,1,3343848,432795,2794802,2,2422814,265752,2212077,3,16777216,-1391,16777216,4,476953,-1772474,2292296,5,2887530,2829111,-1931,6,1114373,-2604173,2991786,7,16777216,-822,16777216,1679320443,161,810000, 
0,2950738,-86199,2927318,1,3365246,491080,2773302,2,2408406,260115,2211898,3,16777216,-1354,16777216,4,477011,-1697927,2233495,5,2954829,2919772,-1873,6,833057,-2896805,3122118,7,16777216,-566,16777216,1679320448,162,815000, 
0,2932869,-48044,2794858,1,3342430,457715,2788852,2,2411267,255567,2206778,3,16777216,-937,16777216,4,476834,-1679886,2235368,5,2952786,2944378,-1914,6,664360,-2887204,3090916,7,16777216,-679,16777216,1679320453,163,820000, 
0,2900239,-56328,2813524,1,3372630,482727,2798435,2,2430057,244739,2215297,3,16777216,-1107,16777216,4,476844,-1780109,2270918,5,2935279,2905823,-1946,6,786135,-2848103,3090418,7,16777216,-560,16777216,1679320458,164,825000, 
0,2981819,-34847,2902975,1,3355754,452695,2791702,2,2446094,265515,2239143,3,16777216,-1437,16777216,4,476858,-1695872,2188011,5,2895318,2864217,-1981,6,756951,-2859850,3065876,7,16777216,-621,16777216,1679320463,165,830000, 
0,2980685,-4300,2837894,1,3334597,427854,2790634,2,2417869,270610,2186265,3,16777216,-1406,16777216,4,476725,-1770014,2271896,5,2921092,2910067,-1624,6,543960,-3028000,3289227,7,16777216,-264,16777216,1679320468,166,835000, 
0,2785556,-8140,2740756,1,3334067,416220,2798538,2,2410786,259322,2193075,3,16777216,-1715,16777216,4,476348,-1761851,2293501,5,2933422,2886946,-1660,6,479528,-3013755,3267380,7,16777216,-341,16777216,1679320473,167,840000, 
0,2900865,-85981,2822718,1,3374448,500320,2778999,2,2426725,294796,2185526,3,16777216,-1279,16777216,4,476547,-1851181,2341145,5,2941717,2918598,-1572,6,713341,-2782966,3062365,7,16777216,-382,16777216,1679320478,168,845000, 
0,2895234,-58349,2804036,1,3370154,476941,2781503,2,2425750,282895,2194714,3,16777216,-1354,16777216,4,476523,-1829312,2329983,5,2922160,2918789,-1616,6,887660,-2679199,3032535,7,16777216,-444,16777216,1679320483,169,850001, 
0,2888413,-8581,2708095,1,3346963,437391,2804291,2,2390306,222233,2217705,3,16777216,-1280,16777216,4,476527,-1669533,2195368,5,2924417,2870424,-1585,6,1158373,-2463630,2989322,7,16777216,-378,16777216,1679320488,170,855000, 
0,2943747,-67691,2818651,1,3342392,482337,2764808,2,2412714,279355,2166877,3,16777216,-1607,16777216,4,476659,-1764341,2281896,5,2912142,2895997,-1637,6,1048054,-2645876,3040321,7,16777216,-384,16777216,1679320493,171,860000, 
0,2905517,-52606,2809627,1,3340945,454927,2778796,2,2402627,230306,2207535,3,16777216,-1615,16777216,4,476666,-1774824,2278546,5,2905410,2883229,-1670,6,963889,-2614178,2976471,7,16777216,-408,16777216,1679320498,172,865000, 
0,2965999,2235,2824006,1,3325612,421510,2788260,2,2412079,302071,2150105,3,16777216,-1530,16777216,4,476591,-1816864,2337127,5,2961923,2934592,-1791,6,784681,-2792040,3133073,7,16777216,-336,16777216,1679320503,173,870000, 
0,2921140,-29310,2799495,1,3268656,330800,2809252,2,2324413,65412,2296048,3,16777216,-1700,16777216,4,476162,-1701004,2233518,5,2968508,2909949,-1028,6,784310,-2901490,3139983,7,16777216,-674,16777216,1679320508,174,875000, 
0,3091123,254042,2631115,1,3322400,364088,2762030,2,2314959,205176,2096420,3,16777216,-168,16777216,4,476991,-1763783,2177728,5,3070950,2999885,-1809,6,340167,-2806869,3050971,7,16777216,-179,16777216,1679320513,175,880001, 
0,2615144,-76612,2612008,1,3383787,465310,2805111,2,2448486,334928,2160856,3,16777216,-1370,16777216,4,476736,-1542643,2041795,5,3069346,3016565,-2054,6,1472174,-1873268,2697947,7,16777216,-731,16777216,1679320518,176,885000, 
0,2886862,-5534,2985458,1,3340548,446611,2843997,2,2401087,137664,2323653,3,16777216,-1602,16777216,4,476901,-1819641,2281702,5,2961330,2860991,-3003,6,968186,-3140058,3184233,7,16777216,-1132,16777216,1679320523,177,890000, 
0,3463156,236500,2904372,1,3284153,302645,2906381,2,2301731,-93811,2343361,3,16777216,-957,16777216,4,476858,-2030126,2590217,5,2820120,2854134,-2778,6,853424,-3141557,3323420,7,16777216,-1307,16777216,1679320528,178,895000, 
0,2554832,88379,2055411,1,3390955,371992,2793314,2,2344688,125001,2270212,3,16777216,-1471,16777216,4,475823,-1687814,2173733,5,3058368,3040330,-2274,6,785266,-2947462,3205136,7,16777216,-658,16777216,1679320533,179,900000, 
0,2907874,-49630,2805745,1,3375526,456954,2806607,2,2434397,316301,2127054,3,16777216,-1146,16777216,4,476090,-2062535,2632596,5,2801611,2739092,-2443,6,823955,-3282953,3492495,7,16777216,-1120,16777216,1679320538,180,905000, 
0,2926423,-46365,2817781,1,3422364,501521,2824496,2,2452398,315683,2152291,3,16777216,-1212,16777216,4,475728,-1713569,2225245,5,3027752,2982630,-2430,6,535608,-3003244,3231597,7,16777216,-903,16777216,1679320543,181,910000, 
0,3053952,-38898,2801341,1,3391121,472902,2786003,2,2461813,345125,2146118,3,16777216,-1415,16777216,4,475594,-1633802,2102153,5,2861577,2811577,-1565,6,816978,-2764725,3340576,7,16777216,-428,16777216,1679320548,182,915000, 
0,2920929,-120560,2683644,1,3394144,524726,2767187,2,2454753,356150,2142172,3,16777216,-2030,16777216,4,476137,-1704919,2241275,5,2930295,2888352,-1577,6,973122,-2812978,3218550,7,16777216,-270,16777216,1679320553,183,920000, 
0,2899193,-69829,2811207,1,3361310,474661,2772549,2,2450628,360391,2158804,3,16777216,-2147,16777216,4,476343,-1699673,2226583,5,2950270,2899548,-1485,6,833712,-2908780,3187556,7,16777216,-299,16777216,1679320558,184,925000, 
0,2804152,-146743,2858878,1,3372877,487921,2785472,2,2448296,329715,2215802,3,16777216,-1294,16777216,4,476722,-1701826,2225332,5,3003578,2966754,-1692,6,797771,-2605258,2886395,7,16777216,-537,16777216,1679320563,185,930000, 
0,2997766,-58215,2833014,1,3353716,490100,2758182,2,2464302,355269,2173123,3,16777216,-1897,16777216,4,476919,-1678468,2155635,5,2927957,2904715,-1579,6,421386,-2792765,3088708,7,16777216,-318,16777216,1679320568,186,935001, 
0,2937790,76210,2479309,1,3298581,221640,2901492,2,2444930,372074,2139013,3,16777216,-1471,16777216,4,475748,-1810491,2321102,5,3007488,2948105,-2305,6,1222993,-2268493,2865276,7,16777216,-553,16777216,1679320573,187,940000, 
0,2897309,104283,2474079,1,3394626,482417,2804522,2,2470647,429289,2025700,3,16777216,-1303,16777216,4,476265,-1813045,2370735,5,2958518,2921475,-2141,6,974967,-2625848,2927989,7,16777216,-747,16777216,1679320578,188,945000, 
0,2888110,-16033,2851662,1,3390023,451558,2797665,2,2411949,219776,2182684,3,16777216,-1211,16777216,4,476271,-1739805,2270269,5,2934234,2891305,-2523,6,664525,-2844171,3164313,7,16777216,-419,16777216,1679320583,189,950000, 
0,2887485,-72328,2855574,1,3351421,419660,2754815,2,2438863,347707,2125089,3,16777216,-1531,16777216,4,476656,-2077876,2562626,5,2815504,2786728,-2203,6,1064589,-3024799,3307863,7,16777216,-997,16777216,1679320588,190,955000, 
0,2985486,-314294,3009097,1,3420163,584305,2709580,2,2530596,441394,2128766,3,16777216,-1738,16777216,4,476502,-1533930,2047938,5,2987882,2993504,-1593,6,538011,-2651525,2930762,7,16777216,-363,16777216,1679320593,191,960001, 
0,2956650,108708,2319504,1,3343736,345980,2808921,2,2282218,84845,2225731,3,16777216,-266,16777216,4,476287,-1800439,2252447,5,2907596,2944490,-2942,6,505292,-3216890,3441023,7,16777216,-834,16777216,1679320598,192,965000, 
0,3012209,63651,2896826,1,3434394,662462,2684889,2,2377214,288656,2123010,3,16777216,-1163,16777216,4,474525,-1626944,2206988,5,2898870,2566219,-5237,6,318930,-3133734,3398649,7,16777216,-1670,16777216,1679320603,193,970000, 
0,3183350,47769,3089604,1,3369397,557533,2729529,2,2548147,524872,2135536,3,16777216,-1388,16777216,4,470212,-2396307,2880280,5,2228171,2078231,-4702,6,2240907,-1755087,2949560,7,16777216,-1931,16777216,1679320608,194,975000, 
0,2972989,-213725,2933256,1,3443910,592373,2703868,2,2708763,813763,1920525,3,16777216,-1181,16777216,4,476094,-1837937,2419419,5,2932329,2792586,-4849,6,951689,-2796595,2950031,7,16777216,-1752,16777216,1679320613,195,980000, 
0,2964461,328765,2880640,1,3325539,293571,2583981,2,2596539,511119,1891540,3,16777216,-1279,16777216,4,474375,-1712779,2442390,5,3206234,3088217,-7273,6,785963,-3209140,3239983,7,16777216,-2600,16777216,1679320618,196,985000, 
0,2909191,240804,2793084,1,3475843,513105,2771273,2,2587653,437422,2034246,3,16777216,-696,16777216,4,475967,-1680348,2207376,5,2987911,2837494,-6027,6,599862,-3142469,3261491,7,16777216,-2364,16777216,1679320623,197,990000, 
0,3005341,136877,2951440,1,3418049,487415,2754017,2,2525807,272682,2140429,3,16777216,-1002,16777216,4,475480,-1699958,2281256,5,2967023,2773223,-6603,6,437660,-3274943,3381565,7,16777216,-2659,16777216,1679320628,198,995000, 
0,2913613,127701,2821844,1,3430746,479348,2740318,2,2558932,416043,2081721,3,16777216,-1145,16777216,4,475665,-1667789,2231770,5,2818930,2656207,-6435,6,380009,-3331465,3432973,7,16777216,-2540,16777216,1679320633,199,1000000, 
0,2914810,152326,2833600,1,3424417,464736,2742446,2,2556026,403653,2093196,3,16777216,-1318,16777216,4,475378,-1699711,2274822,5,2761162,2576915,-6713,6,363588,-3435590,3567430,7,16777216,-2601,16777216,1679320638,200,1005000, 
0,2916275,134307,2827438,1,3429369,457784,2731839,2,2540958,381843,2085119,3,16777216,-813,16777216,4,475866,-1750711,2297629,5,2680039,2551023,-6384,6,349040,-3337166,3459528,7,16777216,-2626,16777216,1679320643,201,1010000, 
0,2958488,154178,2839876,1,3418779,477828,2744296,2,2549231,415093,2090741,3,16777216,-835,16777216,4,475967,-1729742,2307406,5,2726685,2567980,-6555,6,360242,-3406948,3529770,7,16777216,-2734,16777216,1679320648,202,1015000, 
0,2910778,137144,2806761,1,3430266,488378,2738837,2,2566143,411936,2111379,3,16777216,-922,16777216,4,475872,-1714140,2278009,5,2681801,2523584,-6295,6,344290,-3439840,3550852,7,16777216,-2563,16777216,1679320653,203,1020000, 
0,2917135,140154,2830717,1,3428357,464354,2744887,2,2559555,399872,2096345,3,16777216,-1062,16777216,4,475723,-1711072,2275015,5,2705193,2548957,-6342,6,357919,-3424681,3543594,7,16777216,-2596,16777216,1679320658,204,1025000, 
0,2948266,175946,2828114,1,3418718,461879,2737698,2,2555200,439895,2071176,3,16777216,-1094,16777216,4,475817,-1721545,2281983,5,2675008,2537134,-6357,6,349314,-3434023,3581831,7,16777216,-2483,16777216,1679320663,205,1030000, 
0,2872524,126051,2791576,1,3429233,469287,2751636,2,2533833,385122,2095702,3,16777216,-744,16777216,4,475900,-1702173,2274136,5,2657072,2540471,-6487,6,352285,-3436280,3540679,7,16777216,-2827,16777216,1679320668,206,1035000, 
0,2925834,143846,2835226,1,3421880,466691,2744629,2,2533766,407833,2093503,3,16777216,-846,16777216,4,475818,-1656807,2218059,5,2732240,2551978,-6398,6,344196,-3435412,3579616,7,16777216,-2685,16777216,1679320673,207,1040001, 
0,2947151,145851,2862654,1,3420424,489636,2716744,2,2555840,432492,2084353,3,16777216,-1031,16777216,4,475683,-1707608,2261734,5,2696265,2555808,-6245,6,343509,-3492498,3625422,7,16777216,-2456,16777216,1679320678,208,1045001, 
0,2940233,149712,2819927,1,3419963,462138,2735853,2,2542602,410829,2077441,3,16777216,-1170,16777216,4,475683,-1683759,2246157,5,2679292,2547729,-6273,6,366132,-3415159,3535814,7,16777216,-2521,16777216,1679320683,209,1050001, 
0,2896539,130911,2815887,1,3413586,463047,2753299,2,2529920,395182,2083364,3,16777216,-879,16777216,4,475754,-1697248,2267992,5,2657027,2501433,-6508,6,391903,-3396145,3478417,7,16777216,-2547,16777216,1679320688,210,1055000, 
0,2937511,195241,2794449,1,3409307,432035,2742142,2,2527576,374524,2100363,3,16777216,-878,16777216,4,475845,-1745593,2313705,5,2772892,2636199,-6522,6,375484,-3369694,3474597,7,16777216,-2729,16777216,1679320693,211,1060000, 
0,2912735,158628,2783535,1,3440554,480611,2753317,2,2534199,395116,2100097,3,16777216,-675,16777216,4,475981,-1721496,2287929,5,2704067,2573525,-6632,6,367328,-3431530,3528856,7,16777216,-2803,16777216,1679320698,212,1065000, 
0,2785808,142105,2758880,1,3436506,483536,2727999,2,2527688,394667,2070376,3,16777216,-672,16777216,4,476018,-1693628,2252926,5,2638025,2498622,-6499,6,347722,-3477700,3586790,7,16777216,-2656,16777216,1679320703,213,1070001, 
0,2891787,136725,2804291,1,3424274,488111,2743013,2,2522474,377702,2089616,3,16777216,-629,16777216,4,476119,-1719765,2289574,5,2601841,2471210,-6472,6,369556,-3559779,3666994,7,16777216,-2759,16777216,1679320708,214,1075000, 
0,3015903,126523,2738143,1,3419758,460244,2744683,2,2567067,400946,2106029,3,16777216,-689,16777216,4,476175,-1634549,2209036,5,2673151,2549151,-6234,6,357799,-3442356,3539232,7,16777216,-2582,16777216,1679320713,215,1080000, 
0,2903914,126980,2803962,1,3427859,474325,2750839,2,2545982,387263,2115647,3,16777216,-789,16777216,4,476063,-1667644,2224226,5,2671337,2528702,-6550,6,351012,-3434957,3546342,7,16777216,-2689,16777216,1679320718,216,1085000, 
0,2915287,97915,2809024,1,3417839,453248,2753011,2,2524734,371430,2098306,3,16777216,-688,16777216,4,476256,-1680729,2284512,5,2694532,2585532,-6179,6,361816,-3477795,3585032,7,16777216,-2534,16777216,1679320723,217,1090000, 
0,2894085,171285,2798798,1,3444199,464648,2754729,2,2524728,360635,2102056,3,16777216,-515,16777216,4,476198,-1722124,2265321,5,2668072,2570411,-6343,6,357572,-3492396,3576753,7,16777216,-2684,16777216,1679320728,218,1095001, 
0,2888767,191653,2768093,1,3429495,468570,2734717,2,2547399,415183,2077285,3,16777216,-870,16777216,4,475894,-1719675,2311740,5,2680872,2542622,-6507,6,370534,-3604912,3709693,7,16777216,-2701,16777216,1679320733,219,1100000, 
0,2902245,160033,2751182,1,3427679,464025,2745424,2,2544377,445251,2075908,3,16777216,-615,16777216,4,476092,-1691158,2254555,5,2670008,2551241,-6515,6,350001,-3502699,3597096,7,16777216,-2827,16777216,1679320738,220,1105000, 
0,2880774,142142,2819372,1,3439007,489311,2748685,2,2521073,380174,2097324,3,16777216,-597,16777216,4,475947,-1674356,2257074,5,2653744,2538148,-6532,6,363040,-3519983,3671675,7,16777216,-2662,16777216,1679320743,221,1110000, 
0,2753915,108938,2957063,1,3454863,458673,2782040,2,2385086,189556,2034103,3,16777216,-828,16777216,4,475434,-1617571,2214954,5,2765895,2552178,-6561,6,310541,-3480100,3642091,7,16777216,-2893,16777216,1679320748,222,1115000, 
0,2741701,134914,2448016,1,3477330,487394,2716706,2,2531725,384147,2062201,3,16777216,-898,16777216,4,474389,-1734987,2284561,5,2614096,2502663,-7125,6,310013,-3387812,3588531,7,16777216,-3072,16777216,1679320753,223,1120001, 
